{
  "faces":[[0,1,2],[0,3,4],[1,6,5],[2,8,7],[3,7,9],[4,10,6],[5,11,8],[9,11,10],[0,2,7,3],[0,4,6,1],[1,5,8,2],[3,9,10,4],[5,6,10,11],[7,8,11,9]],
  "edges": [
    [
      3,
      7
    ],
    [
      1,
      2
    ],
    [
      1,
      5
    ],
    [
      8,
      2
    ],
    [
      10,
      4
    ],
    [
      9,
      10
    ],
    [
      10,
      6
    ],
    [
      9,
      11
    ],
    [
      0,
      3
    ],
    [
      9,
      3
    ],
    [
      3,
      4
    ],
    [
      0,
      2
    ],
    [
      1,
      6
    ],
    [
      5,
      6
    ],
    [
      0,
      1
    ],
    [
      0,
      4
    ],
    [
      8,
      5
    ],
    [
      11,
      5
    ],
    [
      8,
      11
    ],
    [
      2,
      7
    ],
    [
      8,
      7
    ],
    [
      10,
      11
    ],
    [
      4,
      6
    ],
    [
      9,
      7
    ]
  ],
  "name": "cuboctahedron",
  "vertices": [
    [
      0.22605474708168466,
      1.1266499681129183,
      1.2284430646883966
    ],
    [
      -1.2870958503138001,
      0.430342027776148,
      0.9938315183689381
    ],
    [
      -0.022402986330019928,
      -0.4931268009892168,
      1.608053147899078
    ],
    [
      1.5131505190878545,
      0.6963075500539297,
      0.2346111207744674
    ],
    [
      0.24845765510407447,
      1.6197763788192945,
      -0.3796105087556724
    ],
    [
      -1.5131505190878545,
      -0.696307550053928,
      -0.23461112077446913
    ],
    [
      -1.2646928639837802,
      0.9234688287653656,
      -0.6142216295301408
    ],
    [
      1.2646928639837802,
      -0.9234688287653638,
      0.614221629530139
    ],
    [
      -0.24845765510407447,
      -1.6197763788192927,
      0.37961050875567076
    ],
    [
      1.2870958503138001,
      -0.4303420277761462,
      -0.9938315183689399
    ],
    [
      0.022402986330019928,
      0.49312680098921857,
      -1.6080531478990798
    ],
    [
      -0.22605474708168466,
      -1.1266499681129165,
      -1.2284430646883984
    ]
  ]
}